Workbook

Sheet Raw Data
A1: Product_ID | B1: Product_Name | C1: Category | D1: Supplier | E1: Warehouse | F1: Stock_Quantity | G1: Unit_Cost | H1: Reorder_Level | I1: Units_Sold | J1: Order_Date | K1: Delivery_Status
A2: P001 | B2: Laptop Stand | C2: Office Equipment | D2: Supplier A | E2: Johannesburg | F2: 45 | G2: 350 | H2: 20 | I2: 32 | J2: 46027 | K2: On Time
A3: P002 | B3: Wireless Mouse | C3: Electronics | D3: Supplier B | E3: Pretoria | F3: 120 | G3: 180 | H3: 50 | I3: 85 | J3: 46029 | K3: On Time
A4: P003 | B4: Keyboard | C4: Electronics | D4: Supplier C | E4: Johannesburg | F4: 75 | G4: 250 | H4: 30 | I4: 52 | J4: 46031 | K4: Late
A5: P004 | B5: Office Chair | C5: Furniture | D5: Supplier A | E5: Durban | F5: 28 | G5: 1450 | H5: 15 | I5: 18 | J5: 46034 | K5: On Time
A6: P005 | B6: Desk Lamp | C6: Office Equipment | D6: Supplier D | E6: Pretoria | F6: 60 | G6: 420 | H6: 25 | I6: 41 | J6: 46036 | K6: On Time
A7: P006 | B7: Monitor 24-inch | C7: Electronics | D7: Supplier B | E7: Johannesburg | F7: 35 | G7: 2800 | H7: 20 | I7: 27 | J7: 46038 | K7: Late
A8: P007 | B8: USB Cable | C8: Electronics | D8: Supplier C | E8: Durban | F8: 200 | G8: 95 | H8: 80 | I8: 135 | J8: 46040 | K8: On Time
A9: P008 | B9: Notebook | C9: Stationery | D9: Supplier D | E9: Pretoria | F9: 300 | G9: 35 | H9: 100 | I9: 210 | J9: 46042 | K9: On Time
A10: P009 | B10: Pen Pack | C10: Stationery | D10: Supplier A | E10: Johannesburg | F10: 450 | G10: 28 | H10: 150 | I10: 325 | J10: 46044 | K10: On Time
A11: P010 | B11: Printer | C11: Office Equipment | D11: Supplier B | E11: Durban | F11: 18 | G11: 4200 | H11: 10 | I11: 12 | J11: 46047 | K11: Late
A12: P011 | B12: Desk | C12: Furniture | D12: Supplier C | E12: Johannesburg | F12: 22 | G12: 2200 | H12: 10 | I12: 14 | J12: 46049 | K12: On Time
A13: P012 | B13: Headset | C13: Electronics | D13: Supplier D | E13: Pretoria | F13: 85 | G13: 550 | H13: 30 | I13: 63 | J13: 46051 | K13: On Time
... A51: P050 | B51: Office Cabinet | C51: Furniture | D51: Supplier C | E51: Johannesburg | F51: 12 | G51: 2400 | H51: 6 | I51: 8 | J51: 46131 | K51: On Time
A52: =COUNTA(A2:A51) -> 50
A53: =COUNTBLANK(A2:A51) -> 0
A54: =COUNTA(_xlfn.UNIQUE(A2:A51)) -> 50
A55: =COUNTBLANK(F2:F51) -> 0
A56: =COUNTBLANK(G2:G51) -> 0
A57: =COUNTBLANK(H2:H51) -> 0
A58: =COUNTBLANK(I2:I51) -> 0
A59: =COUNTBLANK(J2:J51) -> 0
A60: =COUNTBLANK(K2:K51) -> 0
A61: =MIN(F2:F51) -> 6
A62: =MAX(F2:F51) -> 450
A63: =MIN(G2:G51) -> 28
A64: =MAX(G2:G51) -> 6500
A65: =MIN(H2:H51) -> 3
A66: =MAX(H2:H51) -> 150
A67: =MIN(I2:I51) -> 4
A68: =MAX(I2:I51) -> 325
A69: =COUNTIF('Data Cleaning'!D4:D53,"REORDER") -> 0
A70: =COUNTIF('Data Cleaning'!D4:D53,"OK") -> 50

Sheet Data Cleaning
A1: Data Quality Checks
A3: Product_ID | B3: Stock_Quantity | C3: Reorder_Level | D3: Reorder_Status
A4: ='Raw Data'!A2 -> P001 | B4: ='Raw Data'!F2 -> 45 | C4: ='Raw Data'!H2 -> 20 | D4: =IF(B4<=C4,"REORDER","OK") -> OK
A5: ='Raw Data'!A3 -> P002 | B5: ='Raw Data'!F3 -> 120 | C5: ='Raw Data'!H3 -> 50 | D5: =IF(B5<=C5,"REORDER","OK") -> OK
A6: ='Raw Data'!A4 -> P003 | B6: ='Raw Data'!F4 -> 75 | C6: ='Raw Data'!H4 -> 30 | D6: =IF(B6<=C6,"REORDER","OK") -> OK
A7: ='Raw Data'!A5 -> P004 | B7: ='Raw Data'!F5 -> 28 | C7: ='Raw Data'!H5 -> 15 | D7: =IF(B7<=C7,"REORDER","OK") -> OK
A8: ='Raw Data'!A6 -> P005 | B8: ='Raw Data'!F6 -> 60 | C8: ='Raw Data'!H6 -> 25 | D8: =IF(B8<=C8,"REORDER","OK") -> OK
A9: ='Raw Data'!A7 -> P006 | B9: ='Raw Data'!F7 -> 35 | C9: ='Raw Data'!H7 -> 20 | D9: =IF(B9<=C9,"REORDER","OK") -> OK
A10: ='Raw Data'!A8 -> P007 | B10: ='Raw Data'!F8 -> 200 | C10: ='Raw Data'!H8 -> 80 | D10: =IF(B10<=C10,"REORDER","OK") -> OK
A11: ='Raw Data'!A9 -> P008 | B11: ='Raw Data'!F9 -> 300 | C11: ='Raw Data'!H9 -> 100 | D11: =IF(B11<=C11,"REORDER","OK") -> OK
A12: ='Raw Data'!A10 -> P009 | B12: ='Raw Data'!F10 -> 450 | C12: ='Raw Data'!H10 -> 150 | D12: =IF(B12<=C12,"REORDER","OK") -> OK
A13: ='Raw Data'!A11 -> P010 | B13: ='Raw Data'!F11 -> 18 | C13: ='Raw Data'!H11 -> 10 | D13: =IF(B13<=C13,"REORDER","OK") -> OK
A14: ='Raw Data'!A12 -> P011 | B14: ='Raw Data'!F12 -> 22 | C14: ='Raw Data'!H12 -> 10 | D14: =IF(B14<=C14,"REORDER","OK") -> OK
A15: ='Raw Data'!A13 -> P012 | B15: ='Raw Data'!F13 -> 85 | C15: ='Raw Data'!H13 -> 30 | D15: =IF(B15<=C15,"REORDER","OK") -> OK
... A53: ='Raw Data'!A51 -> P050 | B53: ='Raw Data'!F51 -> 12 | C53: ='Raw Data'!H51 -> 6 | D53: =IF(B53<=C53,"REORDER","OK") -> OK

Sheet Anaysis
A1: Inventory Analysis
A3: Total Products | B3: =COUNTA('Raw Data'!A2:A51) -> 50
A4: Total Stock Units | B4: =SUM('Raw Data'!F2:F51) -> 4077
A5: Total Inventory Value | B5: =SUMPRODUCT('Raw Data'!F2:F51,'Raw Data'!G2:G51) -> 1594615
A6: Total Units Sold | B6: =SUM('Raw Data'!I2:I51) -> 2815
A7: Average Stock per Product | B7: =AVERAGE('Raw Data'!F2:F51) -> 81.54
A8: Products Needing Reorder | B8: =COUNTIF('Data Cleaning'!D4:D53,"REORDER") -> 0
A9: On-Time Deliveries | B9: =COUNTIF('Raw Data'!K2:K51,"On Time") -> 37
A10: Late Deliveries | B10: =COUNTIF('Raw Data'!K2:K51,"Late") -> 13
A15: Category | B15: Stock Units | C15: Units Sold | D15: Inventory Value | F15: Delivery status | G15: Count
A16: Electronics | B16: =SUMIF('Raw Data'!C2:C51,A16,'Raw Data'!F2:F51) -> 1069 | C16: =SUMIF('Raw Data'!C2:C51,A16,'Raw Data'!I2:I51) -> 739 | D16: {=SUMPRODUCT(('Raw Data'!C2:C51=A16)*('Raw Data'!F2:F51)*('Raw Data'!G2:G51))} -> 745420 | F16: On Time | G16: 37
A17: Furniture | B17: =SUMIF('Raw Data'!C3:C52,A17,'Raw Data'!F3:F52) -> 214 | C17: =SUMIF('Raw Data'!C3:C52,A17,'Raw Data'!I3:I52) -> 140 | D17: {=SUMPRODUCT(('Raw Data'!C3:C52=A17)*('Raw Data'!F3:F52)*('Raw Data'!G3:G52))} -> 375060 | F17: Late | G17: 13
A18: Office Equipment | B18: =SUMIF('Raw Data'!C4:C53,A18,'Raw Data'!F4:F53) -> 476 | C18: =SUMIF('Raw Data'!C4:C53,A18,'Raw Data'!I4:I53) -> 324 | D18: {=SUMPRODUCT(('Raw Data'!C4:C53=A18)*('Raw Data'!F4:F53)*('Raw Data'!G4:G53))} -> 304075
A19: Stationery | B19: =SUMIF('Raw Data'!C5:C54,A19,'Raw Data'!F5:F54) -> 2273 | C19: =SUMIF('Raw Data'!C5:C54,A19,'Raw Data'!I5:I54) -> 1580 | D19: {=SUMPRODUCT(('Raw Data'!C5:C54=A19)*('Raw Data'!F5:F54)*('Raw Data'!G5:G54))} -> 154310

Sheet Dashboard
A1: Inventory Management Dashboard:
A3: Total Products | B3: =Anaysis!B3 -> 50 | D3: Total Stock Units | E3: =Anaysis!B4 -> 4077 | G3: Total Inventory Value | H3: =Anaysis!B5 -> 1594615
A5: Total Units Sold | B5: =Anaysis!B6 -> 2815 | D5: Average Stock per Product | E5: =Anaysis!B7 -> 81.54 | G5: Late Deliveries | H5: =Anaysis!B10 -> 13
